{"cameraMode":{"drawMode":0,"name":"Shaded","section":"Shading Mode"},"sceneLighting":true,"audioPlay":false,"sceneViewState":{"showFog":true,"showMaterialUpdate":false,"showSkybox":true,"showFlares":true,"showImageEffects":true,"showParticleSystems":true},"in2DMode":false,"pivot":{"x":-0.8996573686599731,"y":14.855497360229493,"z":-10.266741752624512},"rotation":{"x":-0.06711908429861069,"y":-0.13665615022182465,"z":0.009280886501073838,"w":-0.9882994294166565},"size":10.0,"orthographic":false}